<?xml version="1.0" encoding="utf-8" ?>
<Defs>


<AlienRace.RaceSettings>
    <defName>Twilek_Settings</defName>
    <pawnKindSettings>
            <alienslavekinds>
                <li>
                    <kindDefs>
                        <li>TwilekSlave</li>
                    </kindDefs>
                    <chance>40.0</chance>
                </li>
            </alienslavekinds>
            <alienrefugeekinds>
                <li>
                    <kindDefs>
                        <li>TwilekOperativeElite</li>
                    </kindDefs>
                    <chance>50.0</chance>
                </li>
            </alienrefugeekinds>
			<startingColonists>
				<li>
				<pawnKindEntries>
					<li>
                    <kindDefs>
                        <li>TwilekMerc</li>
						<li>TwilekOperative</li>
						<li>TwilekOperativeElite</li>
						<li>TwilekColonist</li>
                    </kindDefs>
                    <chance>10.0</chance>
					</li>
				</pawnKindEntries>
					<factionDefs>
						<li>TwilekPlayerColony</li> 
					</factionDefs>
				</li>
			</startingColonists>
            <alienwandererkinds>
                <li>
                    <pawnKindEntries>
                        <li>
                            <kindDefs>
                                <li>TwilekMerc</li>
								<li>TwilekOperative</li>
								<li>TwilekColonist</li>
								<li>TwilekOperativeElite</li>
								<li>TwilekPackLeader</li>
								<li>TwilekRecruit</li>
                            </kindDefs>
                            <chance>50.0</chance>
                        </li>
                    </pawnKindEntries>
                    <factionDefs>
                        <li>TwilekPlayerColony</li> 
                    </factionDefs>
                </li>
            </alienwandererkinds>
        </pawnKindSettings>
  </AlienRace.RaceSettings>


<ThingDef Name="BaseTwiPawn" Abstract="True">
    <thingClass>Pawn</thingClass>
    <category>Pawn</category>
    <selectable>true</selectable>
    <tickerType>Normal</tickerType>
    <altitudeLayer>Pawn</altitudeLayer>
    <useHitPoints>false</useHitPoints>
    <hasTooltip>true</hasTooltip>
    <soundImpactDefault>BulletImpact_Flesh</soundImpactDefault>
    <inspectorTabs>
        <li>ITab_Pawn_Health</li>
        <li>ITab_Pawn_Needs</li>
        <li>ITab_Pawn_Character</li>
        <li>ITab_Pawn_Training</li>
        <li>ITab_Pawn_Gear</li>
        <li>ITab_Pawn_Guest</li>
        <li>ITab_Pawn_Prisoner</li>
        <li>ITab_Pawn_Social</li>
        <li>ITab_Pawn_Log</li>
        <li>ITab_Pawn_FormingCaravan</li>
    </inspectorTabs>
    <statBases>
      <Mass>70</Mass>
    </statBases>
    <comps>
        <li>
            <compClass>CompAttachBase</compClass>
        </li>
    </comps>
    <drawGUIOverlay>true</drawGUIOverlay>
</ThingDef>

<AlienRace.ThingDef_AlienRace ParentName="BaseTwiPawn">
    <defName>Alien_Twilek</defName>
    <label>Twilek</label>
    <description>A race known for grace, agility, and beauty.</description>
    <alienRace>
        <generalSettings>
            <maleGenderProbability>0.5</maleGenderProbability>
            <immuneToAge>true</immuneToAge>
            <forcedRaceTraitEntries>
                <li>
                    <defName>Beauty</defName>
                    <degree>2</degree>
                    <chance>55</chance>
                </li>
            </forcedRaceTraitEntries>
            <alienPartGenerator>
                <aliencrowntypes>
                    <li>Average_Normal</li>
                </aliencrowntypes>
                <alienbodytypes>
                <li>Thin</li>
                <li>Male</li>
                <li>Female</li>
                </alienbodytypes>
                <alienskincolorgen Class="ColorGenerator_Options">
                               <options>
            <li>
                <weight>8</weight>
                <only>RGBA(0.949,0.533,0.533,1)</only>
            </li>
			<li>
                <weight>8</weight>
                <only>RGBA(0.874,0.16,0.16,1)</only>
            </li>
			<li>
                <weight>8</weight>
                <only>RGBA(0.925,0.247,0.901,1)</only>
            </li>
			<li>
                <weight>8</weight>
                <only>RGBA(0.349,0.368,0.952,1)</only>
            </li>
			<li>
                <weight>8</weight>
                <only>RGBA(0.349,0.831,0.952,1)</only>
            </li>
			<li>
                <weight>8</weight>
                <only>RGBA(0.349,0.952,0.450,1)</only>
            </li>
			<li>
                <weight>8</weight>
                <only>RGBA(0.69,0.952,0.349,1)</only>
            </li>
            <li>
                <weight>8</weight>
                <only>RGBA(0.952,0.913,0.349,1)</only>
            </li>
            <li>
                <weight>8</weight>
                <only>RGBA(0.980,0.631,0.227,1)</only>
            </li>
			<li>
                <weight>6</weight>
                <only>RGBA(0.980,0.227,0.227,1)</only>
            </li>
            <li>
                <weight>6</weight>
                <only>RGBA(0.282,0.894,0.525,1)</only>
            </li>
            <li>
                <weight>6</weight>
                <only>RGBA(0.886,0.756,0.56,1)</only>
            </li>
            <li>
                <weight>6</weight>
                <only>RGBA(0.415,0.25,0.474,1)</only>
            </li>
             <li>
                <weight>7</weight>
                <only>RGBA(0.25,0.274,0.474,1)</only>
            </li>
            </options>
                </alienskincolorgen>
            <useSkincolorForHair>true</useSkincolorForHair>
            </alienPartGenerator>
			<chemicalSettings>	
		    </chemicalSettings>
            <humanRecipeImport>true</humanRecipeImport>
        </generalSettings>
        <hairSettings>
            <hasHair>true</hasHair>
            <getsGreyAt>200</getsGreyAt> 
            <hairTags>
                 <li>Lekku</li>
            </hairTags>
        </hairSettings>
        <relationSettings>
            <relationChanceModifierChild>1.1</relationChanceModifierChild>
            <relationChanceModifierExLover>1</relationChanceModifierExLover>
            <relationChanceModifierExSpouse>1</relationChanceModifierExSpouse>
            <relationChanceModifierFiance>1.1</relationChanceModifierFiance>
            <relationChanceModifierLover>1.05</relationChanceModifierLover>
            <relationChanceModifierParent>1</relationChanceModifierParent>
            <relationChanceModifierSibling>1</relationChanceModifierSibling>
            <relationChanceModifierSpouse>1.1</relationChanceModifierSpouse>
        </relationSettings>
    </alienRace>
	<statBases>
      <MarketValue>2000</MarketValue>
      <MoveSpeed>6</MoveSpeed>
      <Flammability>0.3</Flammability>
      <ComfyTemperatureMin>6</ComfyTemperatureMin>
      <ComfyTemperatureMax>28</ComfyTemperatureMax>
      <LeatherAmount>25</LeatherAmount>
	   <PsychicSensitivity>0.95</PsychicSensitivity>
	   <MiningSpeed>1.2</MiningSpeed>
    </statBases>
  <tools>
      <li>
        <label>left fist</label>
        <capacities>
          <li>Blunt</li>
        </capacities>
        <power>7</power>
        <cooldownTime>1.6</cooldownTime>
        <linkedBodyPartsGroup>LeftHand</linkedBodyPartsGroup>
        <surpriseAttack>
          <extraMeleeDamages>
            <li>
              <def>Stun</def>
              <amount>22</amount>
            </li>
          </extraMeleeDamages>
        </surpriseAttack>
      </li>
      <li>
        <label>right fist</label>
        <capacities>
          <li>Blunt</li>
        </capacities>
        <power>7</power>
        <cooldownTime>1.6</cooldownTime>
        <linkedBodyPartsGroup>RightHand</linkedBodyPartsGroup>
        <surpriseAttack>
          <extraMeleeDamages>
            <li>
              <def>Stun</def>
              <amount>22</amount>
            </li>
          </extraMeleeDamages>
        </surpriseAttack>
      </li>
      <li>
        <label>head</label>
        <capacities>
          <li>Blunt</li>
        </capacities>
        <power>5</power>
        <cooldownTime>1.8</cooldownTime>
        <linkedBodyPartsGroup>HeadAttackTool</linkedBodyPartsGroup>
        <chanceFactor>0.2</chanceFactor>
      </li>
    </tools>
    <race>
      <thinkTreeMain>Humanlike</thinkTreeMain>
      <thinkTreeConstant>HumanlikeConstant</thinkTreeConstant>
      <intelligence>Humanlike</intelligence>
      <makesFootprints>true</makesFootprints>
      <lifeExpectancy>300</lifeExpectancy>
      <leatherDef>Leather_twilek</leatherDef>
      <nameGenerator>NamerPersonTwilekM</nameGenerator>
      <nameGeneratorFemale>NamerPersonTwilekF</nameGeneratorFemale>
      <body>Twilek_body</body>
      <bloodDef>FilthBloodTwilek</bloodDef>	
      <meatColor>(0, 0, 128)</meatColor>
      <baseBodySize>1</baseBodySize>
      <baseHealthScale>1.05</baseHealthScale>
      <foodType>OmnivoreHuman</foodType>
      <gestationPeriodDays>45</gestationPeriodDays>
      <litterSizeCurve>
        <points>
          <li>(0.5, 0)</li>
          <li>(1, 1)</li>
          <li>(1.01, 0.02)</li>
          <li>(3.5, 0)</li>
        </points>
      </litterSizeCurve>
      <lifeStageAges>
        <li>
          <def>BabyTwiStage</def>
          <minAge>0</minAge>
        </li>
        <li>
          <def>ChildTwiStage</def>
          <minAge>4</minAge>
        </li>
		<li>
          <def>TeenTwiStage</def>
          <minAge>13</minAge>
        </li>
        <li>
          <def>AdultTwiStage</def>
          <minAge>18</minAge>
        </li>
        <li>
          <def>ElderTwiStage</def>
          <minAge>50</minAge>
        </li>
        <li>
          <def>AncestorTwiStage</def>
          <minAge>150</minAge>
        </li>
      </lifeStageAges>
      <soundMeleeHitPawn>Pawn_Melee_Punch_HitPawn</soundMeleeHitPawn>
      <soundMeleeHitBuilding>Pawn_Melee_Punch_HitBuilding</soundMeleeHitBuilding>
      <soundMeleeMiss>Pawn_Melee_Punch_Miss</soundMeleeMiss>
      <specialShadowData>
        <volume>(0.3, 0.8, 0.4)</volume>
        <offset>(0,0,-0.3)</offset>
      </specialShadowData>
      <ageGenerationCurve>
        <points>
                    <li>(16,0)</li>
                    <li>(17,200)</li>
                    <li>(18,250)</li>
                    <li>(20,150)</li>
                    <li>(30,100)</li>
                    <li>(40,12)</li>
                    <li>(50,6)</li>
					<li>(120,1)</li>
					<li>(140,1)</li>
                    <li>(200,0)</li>
        </points>
      </ageGenerationCurve>
      <hediffGiverSets>
        <li>OrganicAgeless</li>
      </hediffGiverSets>
    </race>
    <recipes>
       <li>InstallArchotechEye</li>
      <li>InstallArchotechArm</li>
      <li>InstallArchotechLeg</li>
      <li>InstallPowerClaw</li>
      <li>InstallBionicEye</li>
      <li>InstallBionicArm</li>
      <li>InstallBionicLeg</li>
      <li>InstallBionicSpine</li>
      <li>InstallBionicHeart</li>
      <li>InstallBionicStomach</li>
      <li>InstallBionicEar</li>
      <li>InstallSimpleProstheticArm</li>
      <li>InstallSimpleProstheticLeg</li>
      <li>InstallSimpleProstheticHeart</li>
      <li>InstallCochlearImplant</li>
      <li>InstallPegLeg</li>
      <li>InstallDenture</li>
      <li>InstallJoywire</li>
      <li>InstallPainstopper</li>
      <li>InstallNaturalHeart</li>
      <li>InstallNaturalLung</li>
      <li>InstallNaturalKidney</li>
      <li>InstallNaturalLiver</li>
      <li>ExciseCarcinoma</li>
      <li>RemoveBodyPart</li>
      <li>Euthanize</li>
      <li>Anesthetize</li>
    </recipes>
</AlienRace.ThingDef_AlienRace>

</Defs>