﻿<?xml version="1.0" encoding="utf-8" ?>
<Defs>

  <FactionDef Abstract="True" Name="TwilekFactionBase">
    <colorSpectrum>
      <li>(0, 0.737, 0.847)</li>
    </colorSpectrum>
  </FactionDef>
  
  <FactionDef Parent="TwilekFactionBase">
    <defName>TwilekPlayerColony</defName>
    <label>Twilek Colony</label>
    <description>Your own community.</description>
    <isPlayer>true</isPlayer>
    <basicMemberKind>Twilek</basicMemberKind>
    <pawnsPlural>colonists</pawnsPlural>
		<playerInitialSettlementNameMaker>NamerInitialSettlementColony</playerInitialSettlementNameMaker>
		<factionNameMaker>NamerFactionOutlander</factionNameMaker>
    <settlementNameMaker>NamerSettlementOutlander</settlementNameMaker>
    <techLevel>Ultra</techLevel>
    <backstoryFilters>
      <li>
      <categories>
			<li>TwilekBackstory</li>
      <li>Civil</li>
      </categories>
      </li>
  	</backstoryFilters>
    <settlementTexturePath>World/TwilekBaseIcon</settlementTexturePath>
    <factionIconPath>World/TwilekBaseIcon</factionIconPath>
    <startingResearchTags>
      <li>ClassicStart</li>
    </startingResearchTags>
    <hairTags>
      <li>Lekku</li>
    </hairTags>
    <apparelStuffFilter>
      <thingDefs>
        <li>Synthread</li>
      </thingDefs>
    </apparelStuffFilter>

  </FactionDef>
  
    <FactionDef Parent="TwilekFactionBase">
    <defName>TwilekPlayerColonyTribal</defName>
    <label>Twilek Tribal</label>
    <description>Twilek Tribal Start.</description>
    <isPlayer>true</isPlayer>
    <basicMemberKind>Twilek</basicMemberKind>
    <pawnsPlural>colonists</pawnsPlural>
    <playerInitialSettlementNameMaker>NamerInitialSettlementColony</playerInitialSettlementNameMaker>
    <factionNameMaker>NamerFactionTribal</factionNameMaker>
    <settlementNameMaker>NamerSettlementTribal</settlementNameMaker>
    <techLevel>Ultra</techLevel>
    <backstoryFilters>
      <li>
      <categories>
			<li>TwilekBackstory</li>
      <li>Civil</li>
      </categories>
      </li>
  	</backstoryFilters>
    <settlementTexturePath>World/TwilekBaseIcon</settlementTexturePath>
    <factionIconPath>World/TwilekBaseIcon</factionIconPath>
    <startingResearchTags>
      <li>TribalStart</li>
    </startingResearchTags>
    <hairTags>
      <li>Lekku</li>
    </hairTags>
    <apparelStuffFilter>
      <thingDefs>
        <li>Synthread</li>
      </thingDefs>
    </apparelStuffFilter>
    <colorSpectrum>
      <li>(0, 0.437, 0.847)</li>
    </colorSpectrum>
  </FactionDef>

</Defs>