﻿<?xml version="1.0" encoding="utf-8" ?>
<Defs>

  <FactionDef>
		<defName>TwilekEmpire</defName>
		<label>Twilek colony</label>
    <description>A colony of the mysterious Twilek race.</description>
    <pawnsPlural>Twilek</pawnsPlural>
    <requiredCountAtGameStart>1</requiredCountAtGameStart>
    <settlementGenerationWeight>1</settlementGenerationWeight>
    <canMakeRandomly>true</canMakeRandomly>
    <canSiege>true</canSiege>
    <canStageAttacks>true</canStageAttacks>
    <leaderTitle>Vizier</leaderTitle>
    <startingGoodwill>
      <min>10</min>
      <max>40</max>
    </startingGoodwill>
	<factionNameMaker>NamerFactionTribal</factionNameMaker>
	<settlementNameMaker>NamerSettlementTribal</settlementNameMaker>
	<techLevel>Medieval</techLevel>
  <backstoryFilters>
			<li>
      <categories>
			<li>TwilekBackstory</li>
      </categories>
      </li>
  	</backstoryFilters>
			<hairTags>
			<li>Urban</li>
      <li>Rural</li>
      <li>Tribal</li>
      <li>Punk</li>
			</hairTags>
    <naturalColonyGoodwill>
      <min>-60</min>
      <max>0</max>
    </naturalColonyGoodwill>
    <visitorTraderKinds>
      <li>Visitor_Outlander_Standard</li>
    </visitorTraderKinds>
   <caravanTraderKinds>
      <li>Caravan_Outlander_BulkGoods</li>
      <li>Caravan_Outlander_CombatSupplier</li>
      <li>Caravan_Outlander_Exotic</li>
    </caravanTraderKinds>
    <baseTraderKinds>
      <li>Base_Outlander_Standard</li>
    </baseTraderKinds>
    <allowedArrivalTemperatureRange>
      <min>-50</min>
      <max>45</max>
    </allowedArrivalTemperatureRange>
    <maxPawnCostPerTotalPointsCurve>
      <points>
        <li>(0,35)</li>
        <li>(70, 50)</li>
        <li>(700, 100)</li>
        <li>(1300, 150)</li>
        <li>(100000, 10000)</li>
      </points>
    </maxPawnCostPerTotalPointsCurve>
    <pawnGroupMakers>
      <li>
        <kindDef>Combat</kindDef>
        <options>
          <TwilekColonist>50</TwilekColonist>
          <TwilekAcrobat>90</TwilekAcrobat>
          <TwilekGrandVizier>250</TwilekGrandVizier>
          <TwilekRecruit>100</TwilekRecruit>
          <TwilekMerc>130</TwilekMerc>
          <TwilekOperative>130</TwilekOperative>
          <TwilekOperativeElite>170</TwilekOperativeElite>
        </options>
      </li>
        <li>
        <kindDef>Peaceful</kindDef>
        <options>
          <TwilekColonist>50</TwilekColonist>
          <TwilekAcrobat>90</TwilekAcrobat>
          <TwilekGrandVizier>250</TwilekGrandVizier>
          <TwilekRecruit>100</TwilekRecruit>
          <TwilekMerc>130</TwilekMerc>
        </options>
      </li>
	  <li>
      <kindDef>Trader</kindDef>
        <traders>
          <TwilekTrader>1</TwilekTrader>
        </traders>
        <carriers>
          <Muffalo>2</Muffalo>
          <Dromedary>2</Dromedary>
        </carriers>
        <guards>
          <TwilekAcrobat>90</TwilekAcrobat>
          <TwilekRecruit>100</TwilekRecruit>
          <TwilekMerc>130</TwilekMerc>
          <TwilekOperative>130</TwilekOperative>
        </guards>
      </li>
	  <li>
        <kindDef>Settlement</kindDef>
        <options>
          <TwilekColonist>50</TwilekColonist>
          <TwilekAcrobat>90</TwilekAcrobat>
          <TwilekGrandVizier>250</TwilekGrandVizier>
          <TwilekRecruit>100</TwilekRecruit>
          <TwilekMerc>130</TwilekMerc>
          <TwilekOperative>130</TwilekOperative>
          <TwilekOperativeElite>170</TwilekOperativeElite>
        </options>
      </li>
    </pawnGroupMakers>
    <settlementTexturePath>World/TwilekBaseIcon</settlementTexturePath>
	<factionIconPath>World/TwilekBaseIcon</factionIconPath>
  </FactionDef>

</Defs>